,real,imaginary,key_subcarriers_204_58,key_antennas_204_58,key_user_position
0,-0.1328125,0.06640625,0,58,[ 732 1780  400]
1,-0.109375,0.0546875,1,58,[ 732 1780  400]
2,-0.08984375,0.06640625,2,58,[ 732 1780  400]
3,-0.1171875,0.09375,3,58,[ 732 1780  400]
4,-0.09765625,0.09765625,4,58,[ 732 1780  400]
5,-0.078125,0.09765625,5,58,[ 732 1780  400]
6,-0.0625,0.12890625,6,58,[ 732 1780  400]
7,-0.08984375,0.08984375,7,58,[ 732 1780  400]
8,-0.09375,0.10546875,8,58,[ 732 1780  400]
9,-0.0546875,0.1328125,9,58,[ 732 1780  400]
10,-0.06640625,0.109375,10,58,[ 732 1780  400]
11,-0.0625,0.10546875,11,58,[ 732 1780  400]
12,-0.05078125,0.12890625,12,58,[ 732 1780  400]
13,-0.0625,0.1484375,13,58,[ 732 1780  400]
14,-0.02734375,0.1484375,14,58,[ 732 1780  400]
15,-0.02734375,0.1484375,15,58,[ 732 1780  400]
16,-0.04296875,0.14453125,16,58,[ 732 1780  400]
17,-0.0234375,0.1328125,17,58,[ 732 1780  400]
18,-0.015625,0.13671875,18,58,[ 732 1780  400]
19,-0.02734375,0.13671875,19,58,[ 732 1780  400]
20,-0.00390625,0.12890625,20,58,[ 732 1780  400]
21,0.0,0.14453125,21,58,[ 732 1780  400]
22,0.0,0.14453125,22,58,[ 732 1780  400]
23,0.015625,0.13671875,23,58,[ 732 1780  400]
24,0.0,0.1328125,24,58,[ 732 1780  400]
25,-0.01171875,0.14453125,25,58,[ 732 1780  400]
26,0.01171875,0.12109375,26,58,[ 732 1780  400]
27,0.015625,0.12890625,27,58,[ 732 1780  400]
28,0.0,0.14453125,28,58,[ 732 1780  400]
29,0.01171875,0.1328125,29,58,[ 732 1780  400]
30,0.015625,0.10546875,30,58,[ 732 1780  400]
31,0.02734375,0.13671875,31,58,[ 732 1780  400]
32,0.015625,0.09375,32,58,[ 732 1780  400]
33,-0.00390625,0.12890625,33,58,[ 732 1780  400]
34,0.02734375,0.12890625,34,58,[ 732 1780  400]
35,0.0234375,0.08984375,35,58,[ 732 1780  400]
36,-0.00390625,0.10546875,36,58,[ 732 1780  400]
37,0.015625,0.10546875,37,58,[ 732 1780  400]
38,-0.015625,0.1171875,38,58,[ 732 1780  400]
39,0.01171875,0.109375,39,58,[ 732 1780  400]
40,0.01171875,0.109375,40,58,[ 732 1780  400]
41,-0.02734375,0.09375,41,58,[ 732 1780  400]
42,-0.0234375,0.08984375,42,58,[ 732 1780  400]
43,-0.015625,0.10546875,43,58,[ 732 1780  400]
44,-0.02734375,0.09375,44,58,[ 732 1780  400]
45,-0.0390625,0.08203125,45,58,[ 732 1780  400]
46,-0.04296875,0.09765625,46,58,[ 732 1780  400]
47,-0.03125,0.08984375,47,58,[ 732 1780  400]
48,-0.0625,0.10546875,48,58,[ 732 1780  400]
49,-0.06640625,0.109375,49,58,[ 732 1780  400]
50,-0.08984375,0.09765625,50,58,[ 732 1780  400]
51,-0.0703125,0.1171875,51,58,[ 732 1780  400]
52,-0.0703125,0.12890625,52,58,[ 732 1780  400]
53,-0.09765625,0.1328125,53,58,[ 732 1780  400]
54,-0.10546875,0.12890625,54,58,[ 732 1780  400]
55,-0.0703125,0.12890625,55,58,[ 732 1780  400]
56,-0.09375,0.171875,56,58,[ 732 1780  400]
57,-0.109375,0.14453125,57,58,[ 732 1780  400]
58,-0.109375,0.17578125,58,58,[ 732 1780  400]
59,-0.10546875,0.18359375,59,58,[ 732 1780  400]
60,-0.09375,0.19140625,60,58,[ 732 1780  400]
61,-0.1171875,0.171875,61,58,[ 732 1780  400]
62,-0.12109375,0.2109375,62,58,[ 732 1780  400]
63,-0.1328125,0.19921875,63,58,[ 732 1780  400]
64,-0.12109375,0.23046875,64,58,[ 732 1780  400]
65,-0.109375,0.23046875,65,58,[ 732 1780  400]
66,-0.12890625,0.21484375,66,58,[ 732 1780  400]
67,-0.1328125,0.23046875,67,58,[ 732 1780  400]
68,-0.12109375,0.25390625,68,58,[ 732 1780  400]
69,-0.109375,0.23046875,69,58,[ 732 1780  400]
70,-0.12109375,0.2109375,70,58,[ 732 1780  400]
71,-0.12890625,0.25,71,58,[ 732 1780  400]
72,-0.109375,0.25390625,72,58,[ 732 1780  400]
73,-0.09375,0.26953125,73,58,[ 732 1780  400]
74,-0.10546875,0.26953125,74,58,[ 732 1780  400]
75,-0.12890625,0.2578125,75,58,[ 732 1780  400]
76,-0.10546875,0.28125,76,58,[ 732 1780  400]
77,-0.1171875,0.29296875,77,58,[ 732 1780  400]
78,-0.12890625,0.26953125,78,58,[ 732 1780  400]
79,-0.1171875,0.29296875,79,58,[ 732 1780  400]
80,-0.078125,0.2890625,80,58,[ 732 1780  400]
81,-0.1171875,0.3046875,81,58,[ 732 1780  400]
82,-0.09765625,0.2890625,82,58,[ 732 1780  400]
83,-0.109375,0.2890625,83,58,[ 732 1780  400]
84,-0.1171875,0.32421875,84,58,[ 732 1780  400]
85,-0.08984375,0.30859375,85,58,[ 732 1780  400]
86,-0.1171875,0.3046875,86,58,[ 732 1780  400]
87,-0.109375,0.33203125,87,58,[ 732 1780  400]
88,-0.12890625,0.31640625,88,58,[ 732 1780  400]
89,-0.109375,0.35546875,89,58,[ 732 1780  400]
90,-0.1171875,0.359375,90,58,[ 732 1780  400]
91,-0.10546875,0.31640625,91,58,[ 732 1780  400]
92,-0.10546875,0.359375,92,58,[ 732 1780  400]
93,-0.09765625,0.35546875,93,58,[ 732 1780  400]
94,-0.109375,0.34375,94,58,[ 732 1780  400]
95,-0.09375,0.32421875,95,58,[ 732 1780  400]
96,-0.09765625,0.36328125,96,58,[ 732 1780  400]
97,-0.08203125,0.3828125,97,58,[ 732 1780  400]
98,-0.08984375,0.375,98,58,[ 732 1780  400]
99,-0.0703125,0.37109375,99,58,[ 732 1780  400]
